{
    "outside door": [-0.020388416945934296, 0.008647488430142403,0],
    "inside door": [-0.9331938028335571, 0.6871670484542847,0],
    "lift back": [-0.8758363723754883, 1.4952195882797241, 0],
    "start": [-1.7166128158569336, -1.0828478336334229,0],
    "finish": [0.9027009010314941, 0.20616278052330017,0]
}
