{
    "_comment": "first set in map coords, second in world coords",

    "outside door": [[0.00748193204402924, 0.45012107491493225, 1.1575565338134766],
                    [0.9594851136207581, 0.36553269624710083, -1.3411083221435547]],

    "inside door": [[-0.0503245392367243767, -0.24649547040462494, 0.11094222962856293],
                   [0.7834662795066833, 1.063907265663147, -2.601186752319336]],

    "lift back": [[-0.4341096580028534, -1.0140511989593506, -0.011370879597961903],
                 [0.7095333933830261, 1.929213523864746, -2.6082096099853516]],

    "start": [[1.5016272382736206, 0.7027105331420898, 0.020020199939608574],
             [-0.4611276090145111, -0.42701154947280884, -2.8909530639648438]],

    "finish": [[-1.2756015300750732, 0.8729472899436951, -3.1040775775909424],
              [2.33894681930542, -0.016467878594994545, 0.031164521351456642]],

    "corner1": [[-0.6315492987632751, 0.33332112431526184, 2.7132105827331543],
               [1.4390747547149658, 1.3718675374984741, 0.9279321432113647]],

    "corner2": [[1.3041857481002808, 1.1268680095672607, 2.5673303604125977],
               [1.678665041923523, -0.8408496379852295, 0.8326619267463684]]
}
