{
    "_comment": "first set in map coords, second in world coords",
    "outside door": [[-0.06771344691514969, 0.2656157910823822, -2.229677438735962], [-0.9410724639892578, -0.09927993267774582, -3.116453170776367]],
    "inside door": [[-0.8820104598999023, -0.6361051201820374, -2.232496500015259], [-2.2287418842315674, -0.05555031821131706, 3.128028154373169]],
    "lift back": [[-1.7, 0.85, 0],[0,0,0]],
    "start": [[1.047749638557434, -0.6165801882743835, -3.1240053176879883], [-0.7508677840232849, -1.5992153882980347, 2.2541134357452393]],
    "finish": [[-0.9118557572364807, 1.1979858875274658, 2.7243144512176514], [-0.6089064478874207, 1.1496137380599976, 1.850999116897583]]
}
