{
    "outside door": [-0.13, -0.4, 0],

    "inside door": [0.43, -0.07, 0],

    "lift back": [1.89, 0.45, 0],

    "start": [-0.1, -6.22, 0],

    "pre finish": [0.2, 0.5, 0],

    "finish": [0.9, -0.6, 0],

    "near lift": [-0.4362621009349823, -1.1948333978652954, 0.2908921241760254],
    
    "near lift 2": [-1.9, -0.38, 0],

    "zone1": [0,0,0],

    "zone2": [0,0,0],

    "zone3": [0,0,0]
}
