{
    "outside door": [0.00748193204402924, 0.45012107491493225, 1.1575565338134766],

    "inside door": [-0.0503245392367243767, -0.24649547040462494, 0.11094222962856293],

    "lift back": [-0.4341096580028534, -1.0140511989593506, -0.011370879597961903],

    "start": [1.5016272382736206, 0.7027105331420898, 0.020020199939608574],

    "finish": [-1.2756015300750732, 0.8729472899436951, -3.1040775775909424],

    "near lift": [-0.06783010810613632, 0.4715782403945923, 2.28434157371521]
}
