{
    "outside door": [0.34764790534973145, 0.12269898504018784, -2.626274347305298],

    "inside door": [-0.42803698778152466, -0.22776970267295837, 0.46222731471061707],

    "lift back": [-1.191599726676941, -0.6459023356437683, 0.5271785259246826],

    "start": [1.100208044052124, -0.7467342019081116, 2.0315356254577637],

    "finish": [0.2535310983657837, 1.780773401260376, 2.0442919731140137],

    "near lift": [1.0873384475708008, -0.15271617472171783, 2.5578999519348145]
}
