{
    "outside door": [1.1014301776885986, 0.20843608677387238,0],
    "inside door": [0.6311851739883423, -0.1491868793964386,0],
    "lift back": [-0.21940618753433228, 0.012553381733596325, 0],
    "start": [1.942421555519104, -0.811315655708313,0],
    "finish": [0.36753740906715393, 1.5808840990066528,0]
}
