{
    "outside door": [0.2500835955142975, -0.690516471862793, 0.7313194274902344],

    "inside door": [-0.3150443434715271, 0.22283892333507538, 0.5680713653564453],

    "lift back": [-0.5356513261795044, 1.0295798778533936, 0.156144380569458],

    "start": [-0.9408387541770935, -1.536987543106079, -5.904931545257568],

    "finish": [1.4403400421142578, -0.346834659576416, 0.3751946687698364],

    "near lift": [-0.4362621009349823, -1.1948333978652954, 0.2908921241760254],

    "zone1": [0,0,0],

    "zone2": [0,0,0],

    "zone3": [0,0,0]
}
