{
    "entrance": {
		"x" : -0.634352270887,
		"y" : -0.00880681955781,
		"theta" : 2.18092056266
	},
	"entrance_hall": {
		"x" : -0.634352270887,
		"y" : -0.00880681955781,
		"theta" : 2.18092056266
	}
}
